,channelId,channelTitle,videoId,vidoeTitle,description,link,time,year,month,day,Unnamed: 0
0,UC16niRr50-MSBwiO3YDb3RA,BBC News,qbbex8uDlo4,What happens when the internet vanishes? - BBC News,"New research shows that the internet was deliberately shutdown more than 200 times last year in 33 separate countries. The outages, orchestrated by ...",https://www.youtube.com/watch?v=qbbex8uDlo4,2020-03-01T09:38:57Z,2020,3,1,0.0
1,UC16niRr50-MSBwiO3YDb3RA,BBC News,VHtCmp3oN04,The North Korean prisoner who escaped with her guard - BBC News,How a prison guard and a prisoner made their break together from one of the world's most secretive states. Please subscribe HERE http://bit.ly/1rbfUog.,https://www.youtube.com/watch?v=VHtCmp3oN04,2020-03-01T09:38:29Z,2020,3,1,1.0
2,UC16niRr50-MSBwiO3YDb3RA,BBC News,OKHYGZCsQlc,Paragliding over Tenerife&#39;s coronavirus-hit hotel - BBC News,Some British tourists have been given the all-clear to go back home after spending a week quarantined inside their hotel rooms in Tenerife. BBC correspondent ...,https://www.youtube.com/watch?v=OKHYGZCsQlc,2020-03-02T15:28:51Z,2020,3,2,0.0
3,UC16niRr50-MSBwiO3YDb3RA,BBC News,CMUQIlvv1to,Coronavirus: EU raises virus risk level as world cases grow  - BBC News,"Number of deaths worldwide now more than 3000 More than 90% are in Hubei, China, but there have been deaths in 10 other countries European Union ...",https://www.youtube.com/watch?v=CMUQIlvv1to,2020-03-02T12:49:12Z,2020,3,2,1.0
4,UC16niRr50-MSBwiO3YDb3RA,BBC News,OAijpT8naZk,Coronavirus: UK government says 1 in 5 workers could be off –BBC News,The UK government has unveiled detailed plans for what measures it would take in the event of a widespread outbreak of Coronavirus. It considers a scenario in ...,https://www.youtube.com/watch?v=OAijpT8naZk,2020-03-03T22:59:11Z,2020,3,3,0.0
5,UC16niRr50-MSBwiO3YDb3RA,BBC News,VeF6LwcR6RY,China economy: Why it matters to you - BBC News,"China is one of the world's biggest economies. It makes all sorts of products and sells them all over the world, from iPhones to air conditioners, and many ...",https://www.youtube.com/watch?v=VeF6LwcR6RY,2020-03-03T13:46:46Z,2020,3,3,1.0
6,UC16niRr50-MSBwiO3YDb3RA,BBC News,E-l4lYpHatY,Delhi riots: &#39;My brother died after police beating’ - BBC News,Naeem says his brother Faizan died after he was beaten by police during religious rioting in Delhi last week. Video of the incident has gone viral. More than 40 ...,https://www.youtube.com/watch?v=E-l4lYpHatY,2020-03-03T11:27:34Z,2020,3,3,2.0
7,UC16niRr50-MSBwiO3YDb3RA,BBC News,fnrpUGOxTaw,Coronavirus: World in &#39;uncharted territory&#39; - BBC News,There are a total of 90936 confirmed cases worldwide - although more than half of those (47995) have already recovered. The biggest numbers are still by far in ...,https://www.youtube.com/watch?v=fnrpUGOxTaw,2020-03-03T07:15:19Z,2020,3,3,3.0
8,UC16niRr50-MSBwiO3YDb3RA,BBC News,wHIvRysWRWY,Coronavirus: How is Iran responding to the outbreak? - BBC News,"Image copyrightAFP/GETTY IMAGES Iran has been scrambling to control the outbreak of the coronavirus this week, but the spread of online misinformation is ...",https://www.youtube.com/watch?v=wHIvRysWRWY,2020-03-03T06:48:19Z,2020,3,3,4.0
9,UC16niRr50-MSBwiO3YDb3RA,BBC News,0hJWKc8ITRQ,Super Tuesday results: What next for the big three? - BBC News,Super Tuesday provided contrasting fortunes for the Democratic candidates hoping to take on Donald Trump. BBC reporters were on the ground with the three ...,https://www.youtube.com/watch?v=0hJWKc8ITRQ,2020-03-04T11:25:51Z,2020,3,4,0.0
10,UC16niRr50-MSBwiO3YDb3RA,BBC News,9myCF_st7k0,Super Tuesday: What unites bitter rivals Biden and Sanders? - BBC News,Joe Biden and Bernie Sanders have emerged as the two frontrunners in the Democratic race to challenge Donald Trump for the US presidency in November.,https://www.youtube.com/watch?v=9myCF_st7k0,2020-03-04T10:51:20Z,2020,3,4,1.0
11,UC16niRr50-MSBwiO3YDb3RA,BBC News,3AgxeIVrH24,Coronavirus v Influenza: How do the two viruses compare? - BBC News,"As coronavirus cases continue to be reported around the world, the World Health Organisation says countries still have a chance of containing the outbreak.",https://www.youtube.com/watch?v=3AgxeIVrH24,2020-03-04T07:43:00Z,2020,3,4,2.0
12,UC16niRr50-MSBwiO3YDb3RA,BBC News,qWoL8MsrwpU,First UK Coronavirus death in Berkshire - BBC NEWS,A woman becomes the first person to die with Coronavirus in the UK Health Editor Hugh Pym reports on the Government's latest attempts to contain the spread ...,https://www.youtube.com/watch?v=qWoL8MsrwpU,2020-03-05T22:38:00Z,2020,3,5,0.0
13,UC16niRr50-MSBwiO3YDb3RA,BBC News,vmv9XatM2oo,Syria Conflict: Turkey and Russia announce Idlib ceasefire – BBC News,"A ceasefire in Syria's Idlib province has just come into effect in a bid to avoid a major escalation. In Moscow, Russian President Vladimir Putin, and his Turkish ...",https://www.youtube.com/watch?v=vmv9XatM2oo,2020-03-05T22:30:48Z,2020,3,5,1.0
14,UC16niRr50-MSBwiO3YDb3RA,BBC News,GoHQtkG6HFE,Brawl erupts in Turkish parliament over Syria - BBC News,"Fighting broke out in Turkey's parliament after an MP criticised President Erdogan over the country's military intervention in Syria. Engin Ozkoc, an opposition ...",https://www.youtube.com/watch?v=GoHQtkG6HFE,2020-03-05T15:05:26Z,2020,3,5,2.0
15,UC16niRr50-MSBwiO3YDb3RA,BBC News,AJBT45Dnwik,Lesbos: Child migrants sleep in pens at Mytilene port - BBC News,The governor of the Greek island of Lesbos has told the BBC he apologises for the violent actions of some residents against migrants and aid workers. Costas ...,https://www.youtube.com/watch?v=AJBT45Dnwik,2020-03-05T13:44:05Z,2020,3,5,3.0
16,UC16niRr50-MSBwiO3YDb3RA,BBC News,PGjeMDpIf8M,Coronavirus: Italy to close all schools as deaths rise - BBC News,"Italy has confirmed that it will shut all schools from Thursday for 10 days as it battles to contain the coronavirus outbreak. And all professional sport, including ...",https://www.youtube.com/watch?v=PGjeMDpIf8M,2020-03-05T07:57:14Z,2020,3,5,4.0
17,UC16niRr50-MSBwiO3YDb3RA,BBC News,nETgZwRuJPU,"Coronavirus: Second British death and more than 100,000 cases worldwide - BBC News",A second person has died from coronavirus in the UK. He was an elderly man with underlying health conditions. The number of people now infected with ...,https://www.youtube.com/watch?v=nETgZwRuJPU,2020-03-06T23:04:15Z,2020,3,6,0.0
18,UC16niRr50-MSBwiO3YDb3RA,BBC News,v1m7ZAB0MtI,Syria&#39;s children: Newborn babies born into war - BBC News,"A ceasefire appears to be holding for now in the Syrian province of Idlib, with monitors reporting that no warplanes have been flying - for the first time in weeks.",https://www.youtube.com/watch?v=v1m7ZAB0MtI,2020-03-06T22:37:47Z,2020,3,6,1.0
19,UC16niRr50-MSBwiO3YDb3RA,BBC News,X2D6w-LTqaQ,Cruise ship may be quarantined off San Francisco for two weeks - BBC News,A total of 140 British citizens are among the 2500 people aboard a cruise ship being held off San Francisco after a passenger died of the coronavirus. There are ...,https://www.youtube.com/watch?v=X2D6w-LTqaQ,2020-03-06T12:04:30Z,2020,3,6,2.0
20,UC16niRr50-MSBwiO3YDb3RA,BBC News,6wDEuVl1TZo,Coronavirus Explained: What is coronavirus? - BBC News,"Coronavirus Explained: Lucy Hockings finds out what Covid-19 is, how it spreads and answers your questions about what action you should take at home, work ...",https://www.youtube.com/watch?v=6wDEuVl1TZo,2020-03-06T11:20:52Z,2020,3,6,3.0
21,UC16niRr50-MSBwiO3YDb3RA,BBC News,STgRHkB-vx4,Coronavirus Explained: How do I protect myself? - BBC News,People should be washing their hands for 20 seconds to protect themselves from the virus known as Covid-19. That's according to Public Health England.,https://www.youtube.com/watch?v=STgRHkB-vx4,2020-03-06T11:18:16Z,2020,3,6,4.0
22,UC16niRr50-MSBwiO3YDb3RA,BBC News,Mj81jKkQMOg,Coronavirus Explained: What happens next? - BBC News,Coronavirus - a fast-moving infection originating in China - has spread to more than 70 countries and claimed more than 3200 lives. The World Health ...,https://www.youtube.com/watch?v=Mj81jKkQMOg,2020-03-06T11:18:03Z,2020,3,6,5.0
23,UC16niRr50-MSBwiO3YDb3RA,BBC News,VMPd2zJH0eU,What have tomatoes got to do with climate change? - BBC News,"Tomato prices in Kenya have skyrocketed in recent weeks, with some parts of the country paying up to seven times more. The price rises follow months of heavy ...",https://www.youtube.com/watch?v=VMPd2zJH0eU,2020-03-07T11:53:03Z,2020,3,7,0.0
24,UC16niRr50-MSBwiO3YDb3RA,BBC News,c50FET1wc5w,Antarctic sea creatures &#39;stressed to the max&#39; - BBC News,Antarctica recorded a record high temperature earlier last month of more than 20C. This is bad news for the extraordinary marine life that lives in the icy waters of ...,https://www.youtube.com/watch?v=c50FET1wc5w,2020-03-07T11:46:17Z,2020,3,7,1.0
25,UC16niRr50-MSBwiO3YDb3RA,BBC News,Lex_mt9o64o,Coronavirus: Northern Italy quarantines 16 million people - BBC News,Italy has placed up to 16 million people under quarantine as it battles to contain the spread of coronavirus. Anyone living in Lombardy and 14 other central and ...,https://www.youtube.com/watch?v=Lex_mt9o64o,2020-03-08T10:20:17Z,2020,3,8,0.0
26,UC16niRr50-MSBwiO3YDb3RA,BBC News,Z2mw6aglRuM,Coronavirus: Italy extends strict measures to whole country – BBC News,"Italy is extending its coronavirus quarantine measures, which include a ban on public gatherings, to the entire country. Prime Minister Giuseppe Conte said that ...",https://www.youtube.com/watch?v=Z2mw6aglRuM,2020-03-09T22:54:59Z,2020,3,9,0.0
27,UC16niRr50-MSBwiO3YDb3RA,BBC News,XUNVY0tAiwE,Coronavirus: Senegal confirm four coronavirus cases - BBC News,"Senegal's health ministry said two new infections were confirmed on Wednesday, bringing to four the number of patients in the West African country. One of the ...",https://www.youtube.com/watch?v=XUNVY0tAiwE,2020-03-09T13:44:17Z,2020,3,9,1.0
28,UC16niRr50-MSBwiO3YDb3RA,BBC News,V2rS8k89BwY,Coronavirus: Death toll soars in Italy  - BBC News,"The death toll in Italy has jumped by 133 in just one day, making a total of 366 deaths in the country. The total number of infections also spiked by 25% to 7375 ...",https://www.youtube.com/watch?v=V2rS8k89BwY,2020-03-09T11:50:13Z,2020,3,9,2.0
29,UC16niRr50-MSBwiO3YDb3RA,BBC News,_69sOxWU0jo,Coronavirus: Italy in lockdown - BBC News,Unprecedented measures are being enforced right across Italy to try to limit the spread of Coronavirus. As the number of cases and deaths rise sharply Italy ...,https://www.youtube.com/watch?v=_69sOxWU0jo,2020-03-10T22:59:52Z,2020,3,10,0.0
30,UC16niRr50-MSBwiO3YDb3RA,BBC News,4nQsK4A-2BI,Inside a dangerously divided &#39;city of snipers&#39; - BBC News,"Taiz, in Yemen's south-west, is home to one of the longest-running battles of the country's civil war. Known as the city of snipers, Taiz - divided between the ...",https://www.youtube.com/watch?v=4nQsK4A-2BI,2020-03-10T15:24:51Z,2020,3,10,1.0
31,UC16niRr50-MSBwiO3YDb3RA,BBC News,WnDSEDkVe8Y,Coronavirus: Italy extends emergency measures nationwide - BBC News,"Italy has extended its emergency coronavirus measures, which include travel restrictions and a ban on public gatherings, to the entire country. On Monday ...",https://www.youtube.com/watch?v=WnDSEDkVe8Y,2020-03-10T07:19:04Z,2020,3,10,2.0
32,UC16niRr50-MSBwiO3YDb3RA,BBC News,s0a4z8kApWw,Harvey Weinstein jailed for 23 years - BBC News,The disgraced film producer Harvey Weinstein has been sentenced to 23 years in prison for rape and sexual assault. He was found guilty in a trial in New York ...,https://www.youtube.com/watch?v=s0a4z8kApWw,2020-03-11T22:52:10Z,2020,3,11,0.0
33,UC16niRr50-MSBwiO3YDb3RA,BBC News,tRuOI5wyI_c,Coronavirus: UK Parliament to stay open as ministers self-isolate – BBC News,"The UK parliament will stay open – despite a health minister testing positive for coronavirus, and a further two ministers deciding to self-isolate. The Health ...",https://www.youtube.com/watch?v=tRuOI5wyI_c,2020-03-11T22:47:42Z,2020,3,11,1.0
34,UC16niRr50-MSBwiO3YDb3RA,BBC News,HC4yxdcUWHU,Harvey Weinstein jailed for 23 years in rape trial - BBC News,Disgraced film producer Harvey Weinstein has been sentenced to 23 years in prison for rape and sexual assault. He was found guilty in a trial in New York last ...,https://www.youtube.com/watch?v=HC4yxdcUWHU,2020-03-11T16:01:20Z,2020,3,11,2.0
35,UC16niRr50-MSBwiO3YDb3RA,BBC News,GMR70Fe2z7I,Coronavirus: Some workplaces in Wuhan to re-open - BBC News,"Some industries in the Chinese city of Wuhan, where the outbreak emerged late last year, will resume, the provincial government has said. The notice said key ...",https://www.youtube.com/watch?v=GMR70Fe2z7I,2020-03-11T11:56:09Z,2020,3,11,3.0
36,UC16niRr50-MSBwiO3YDb3RA,BBC News,DoHOYCbmJoE,Coronavirus: Virus cases rise rapidly in Europe and US - BBC News,"The number of cases in Europe continues to rise, with more than 10000 in Italy A UK health minister, Nadine Dorries, is among 382 cases in Britain There are ...",https://www.youtube.com/watch?v=DoHOYCbmJoE,2020-03-11T11:36:10Z,2020,3,11,4.0
37,UC16niRr50-MSBwiO3YDb3RA,BBC News,7S-1QRRWj10,Coronavirus: Cruise ship Grand Princess docks in California - BBC News,Passengers aboard a virus-hit cruise liner in California have begun disembarking after being kept off the coast of San Francisco for five days. Nineteen crew ...,https://www.youtube.com/watch?v=7S-1QRRWj10,2020-03-11T08:11:07Z,2020,3,11,5.0
38,UC16niRr50-MSBwiO3YDb3RA,BBC News,_xNfz5LT2BU,Coronavirus: Trump suspends travel from Europe to US - BBC News,US President Donald Trump has announced sweeping travel restrictions on 26 European countries in a bid to combat the spread of the coronavirus. The ban ...,https://www.youtube.com/watch?v=_xNfz5LT2BU,2020-03-12T12:25:46Z,2020,3,12,0.0
39,UC16niRr50-MSBwiO3YDb3RA,BBC News,jav8PrjsjLs,Coronavirus: Five takeaways from Trump&#39;s Oval Office address - BBC News,"US President Donald Trump has addressed the national from the Oval Office at the White House, announcing sweeping new travel restrictions on Europe in a ...",https://www.youtube.com/watch?v=jav8PrjsjLs,2020-03-12T09:08:53Z,2020,3,12,1.0
40,UC16niRr50-MSBwiO3YDb3RA,BBC News,IQdYDkwtvoo,Coronavirus: Europe at the epicentre of the pandemic - BBC News,"The World Health Organisation says Europe is now the epicentre, of the global coronavirus pandemic. The news emerged as organised sport, both professional ...",https://www.youtube.com/watch?v=IQdYDkwtvoo,2020-03-13T22:41:09Z,2020,3,13,0.0
41,UC16niRr50-MSBwiO3YDb3RA,BBC News,3eU8jOg4J2U,Coronavirus: English Premier League suspends all matches until 3 April  - BBC News,"Elite football in Britain has been suspended until at least 3 April as a result of the spread of coronavirus. All games in England's Premier League, EFL, ...",https://www.youtube.com/watch?v=3eU8jOg4J2U,2020-03-13T14:31:00Z,2020,3,13,1.0
42,UC16niRr50-MSBwiO3YDb3RA,BBC News,bvQW8YkBVhQ,Coronavirus: contain and delay phases Explained - BBC News,"The UK government has moved from the ""containment"" to the ""delay"" phase of its response to the Covid-19 outbreak. Seven-day self-isolation periods for those ...",https://www.youtube.com/watch?v=bvQW8YkBVhQ,2020-03-13T10:07:45Z,2020,3,13,2.0
43,UC16niRr50-MSBwiO3YDb3RA,BBC News,BnczXc0g_IE,Coronavirus &#39;rapid test kits&#39; to be made in Senegal - BBC News,"Rapid test kits that scientists say will diagnose coronavirus within 10 minutes are being developed in a laboratory in Senegal's capital, Dakar. The project at the ...",https://www.youtube.com/watch?v=BnczXc0g_IE,2020-03-13T09:37:51Z,2020,3,13,3.0
44,UC16niRr50-MSBwiO3YDb3RA,BBC News,tpVcFjZPE08,Delhi riots: &#39;No-one who saw the photo thought I would survive&#39; - BBC News,A Reuters photo of a Muslim man being brutally beaten by a Hindu mob became the defining image of religious riots that broke out in Delhi in February.,https://www.youtube.com/watch?v=tpVcFjZPE08,2020-03-13T09:10:38Z,2020,3,13,4.0
45,UC16niRr50-MSBwiO3YDb3RA,BBC News,M53iJduvDSA,Coronavirus: Drastic measures in US &amp; Europe as cases soar - BBC News,The UK is facing its biggest public health crisis in a generation and up to ten thousand people could already have the coronavirus. That's what the prime minister ...,https://www.youtube.com/watch?v=M53iJduvDSA,2020-03-13T00:12:03Z,2020,3,13,5.0
46,UC16niRr50-MSBwiO3YDb3RA,BBC News,D5WpJufWxdg,Coronavirus in Africa: How might it spread? - BBC News,"Every day brings new cases of coronavirus to Africa – and while the continent is yet to experience a full blown outbreak, there are fears that if it does start to ...",https://www.youtube.com/watch?v=D5WpJufWxdg,2020-03-14T18:25:29Z,2020,3,14,0.0
47,UC16niRr50-MSBwiO3YDb3RA,BBC News,FiBiN6LiMzY,Coronavirus Explained: How do we prepare? - BBC News,"More than 125000 people have been diagnosed with Covid-19 in 118 countries around the world, according to the World Health Organization. The total number ...",https://www.youtube.com/watch?v=FiBiN6LiMzY,2020-03-14T11:25:44Z,2020,3,14,1.0
48,UC16niRr50-MSBwiO3YDb3RA,BBC News,PYsLa4A-Jic,Coronavirus : UK death toll rises to 35 - BBC News,"Fourteen more people have died from the coronavirus in the UK, raising the death toll to 35, the UK's health department says. There have been a total of 1372 ...",https://www.youtube.com/watch?v=PYsLa4A-Jic,2020-03-15T16:56:01Z,2020,3,15,0.0
49,UC16niRr50-MSBwiO3YDb3RA,BBC News,s4JqspVVveg,Coronavirus: European nations tighten clampdown - BBC News,Several European nations have introduced more stringent restrictions on movement as they combat the spread of the coronavirus. Austria has banned ...,https://www.youtube.com/watch?v=s4JqspVVveg,2020-03-15T12:37:42Z,2020,3,15,1.0
50,UC16niRr50-MSBwiO3YDb3RA,BBC News,K1MLNCpUVxE,Coronavirus Explained: What is the impact? - BBC News,Governments around the world take increasingly drastic measures to manage the coronavirus pandemic. More countries have announced that schools will be ...,https://www.youtube.com/watch?v=K1MLNCpUVxE,2020-03-15T10:06:47Z,2020,3,15,2.0
51,UC16niRr50-MSBwiO3YDb3RA,BBC News,XwPVqXrJitI,How to clean your smartphone safely - BBC News,"While you may want to clean your smartphone, some substances can damage the device. Dr Lena Ciric, a microbiologist from University College London, says ...",https://www.youtube.com/watch?v=XwPVqXrJitI,2020-03-15T10:05:57Z,2020,3,15,3.0
52,UC16niRr50-MSBwiO3YDb3RA,BBC News,NYrt9POFZ5E,Coronavirus: Europe tightens virus curbs - BBC News,"The UK, France and Germany introduced stringent new measures. Britons are strongly advised to socially distance, avoiding offices, shops and bars.",https://www.youtube.com/watch?v=NYrt9POFZ5E,2020-03-16T22:59:18Z,2020,3,16,0.0
53,UC16niRr50-MSBwiO3YDb3RA,BBC News,P2y1sIr913Y,Coronavirus: UK government announces drastic measures to tackle outbreak - BBC News,"As the pandemic of Coronavirus claims more lives around the world, the people of the United Kingdom are now being advised to make drastic changes to their ...",https://www.youtube.com/watch?v=P2y1sIr913Y,2020-03-16T22:40:25Z,2020,3,16,1.0
54,UC16niRr50-MSBwiO3YDb3RA,BBC News,Y0oyfLjsKIk,"Coronavirus: PM says everyone should avoid office, pubs and travelling - BBC News","The PM has said everyone in the UK should avoid ""non-essential"" travel and contact with others to curb coronavirus - as the country's death toll hit 55.",https://www.youtube.com/watch?v=Y0oyfLjsKIk,2020-03-16T18:42:54Z,2020,3,16,2.0
55,UC16niRr50-MSBwiO3YDb3RA,BBC News,CMKRbmoMgNI,Global coronavirus infections outpace China cases - BBC News,"New York City is closing schools on Monday, and restaurants, bars and other venues a day later in an effort to halt the spread of the deadly coronavirus.",https://www.youtube.com/watch?v=CMKRbmoMgNI,2020-03-16T12:55:13Z,2020,3,16,3.0
56,UC16niRr50-MSBwiO3YDb3RA,BBC News,_UNKr7ot5J8,Coronavirus: Life inside China’s lockdown - BBC News,"Two local filmmakers have been recording life inside Wuhan, the epicentre of the coronavirus outbreak, for over 50 days since the city went under lockdown in ...",https://www.youtube.com/watch?v=_UNKr7ot5J8,2020-03-16T11:30:20Z,2020,3,16,4.0
57,UC16niRr50-MSBwiO3YDb3RA,BBC News,2sxI7s8p99o,Coronavirus: Why we touch our faces and how to stop it - BBC News,Several medical officials across the world have warned people to avoid touching their face as a key way to prevent the spread of coronavirus. Often when ...,https://www.youtube.com/watch?v=2sxI7s8p99o,2020-03-16T09:56:05Z,2020,3,16,5.0
58,UC16niRr50-MSBwiO3YDb3RA,BBC News,e4tEv8IqKq8,Coronavirus: UK pledges £330bn support package for business- BBC News,Britain's Chancellor has announced a 330 billion pound support package to help businesses through the Coronavirus crisis. Rishi Sunak said the country is ...,https://www.youtube.com/watch?v=e4tEv8IqKq8,2020-03-17T23:12:46Z,2020,3,17,0.0
59,UC16niRr50-MSBwiO3YDb3RA,BBC News,utehYl3YSz0,Coronavirus: Europe shuts down its borders - BBC News,European leaders have moved to shut the EU's external borders as they grapple with the quickly spreading virus. The measure is expected to apply to 26 EU ...,https://www.youtube.com/watch?v=utehYl3YSz0,2020-03-17T22:52:29Z,2020,3,17,1.0
60,UC16niRr50-MSBwiO3YDb3RA,BBC News,KNyGT50JJVk,Coronavirus: Emergency cash to help businesses and operations delayed - BBC News,"Chancellor Rishi Sunak has unveiled an ""unprecedented"" set of financial measures to support the UK economy through the coronavirus pandemic.",https://www.youtube.com/watch?v=KNyGT50JJVk,2020-03-17T20:54:02Z,2020,3,17,2.0
61,UC16niRr50-MSBwiO3YDb3RA,BBC News,U6V4LJJGxDo,Coronavirus: Britons urged to avoid non-essential travel abroad - BBC News,"British nationals should avoid all non-essential foreign travel to tackle the spread of coronavirus, the Foreign and Commonwealth Office (FCO) has advised.",https://www.youtube.com/watch?v=U6V4LJJGxDo,2020-03-17T16:23:40Z,2020,3,17,3.0
62,UC16niRr50-MSBwiO3YDb3RA,BBC News,dq-c3jtQ0Hw,Coronavirus: Trump tells Americans to avoid public spaces - BBC News,"President Trump said that over the next 15 days, Americans should not gather in groups of more than 10 people. He urged people to avoid bars, restaurants, ...",https://www.youtube.com/watch?v=dq-c3jtQ0Hw,2020-03-17T12:59:49Z,2020,3,17,4.0
63,UC16niRr50-MSBwiO3YDb3RA,BBC News,FBDB1JXmpwc,Coronavirus: Europe plans full border closure in virus battle - BBC News,The European Commission is planning to ban all non-essential travel throughout Europe's Schengen free-travel zone as more countries close their borders to try ...,https://www.youtube.com/watch?v=FBDB1JXmpwc,2020-03-17T12:21:50Z,2020,3,17,5.0
64,UC16niRr50-MSBwiO3YDb3RA,BBC News,21MIvkk7Imc,Four ways to protect yourself from coronavirus - BBC News,People should be washing their hands for 20 seconds to protect themselves from the virus known as Covid-19. That's according to Public Health England.,https://www.youtube.com/watch?v=21MIvkk7Imc,2020-03-17T11:55:18Z,2020,3,17,6.0
65,UC16niRr50-MSBwiO3YDb3RA,BBC News,uHZUsgBbgXY,Coronavirus: UK announces school closures – BBC News,"All schools in the UK will close this week, as the death toll from the coronavirus continues to climb. 33 people have died in the UK in the past 24 hours.",https://www.youtube.com/watch?v=uHZUsgBbgXY,2020-03-18T23:16:09Z,2020,3,18,0.0
66,UC16niRr50-MSBwiO3YDb3RA,BBC News,_f6hLeBGtqw,Coronavirus: Schools to close until further notice from Friday - BBC News,"Schools in the UK are to shut from Friday until further notice as a response to the coronavirus pandemic, the prime minister has said. Schools will close except ...",https://www.youtube.com/watch?v=_f6hLeBGtqw,2020-03-18T18:34:10Z,2020,3,18,1.0
67,UC16niRr50-MSBwiO3YDb3RA,BBC News,p-EtcQyrVYU,Coronavirus: UK death toll passes 100 - BBC News,The coronavirus death toll in the UK has risen to 104 - up from 71 the day before. NHS England said a further 32 people had died in England after testing ...,https://www.youtube.com/watch?v=p-EtcQyrVYU,2020-03-18T16:52:06Z,2020,3,18,2.0
68,UC16niRr50-MSBwiO3YDb3RA,BBC News,ZRcnUYAK3bA,Trump invoke the Defence Production Act to prevent the spread of coronavirus  - BBC News,US President Donald Trump announces the US will be invoking the Defence Production Act to prevent the spread of coronavirus Please subscribe HERE ...,https://www.youtube.com/watch?v=ZRcnUYAK3bA,2020-03-18T16:36:32Z,2020,3,18,3.0
69,UC16niRr50-MSBwiO3YDb3RA,BBC News,MTFjkYgw5v0,Coronavirus: Schools in Scotland and Wales to close from Friday - BBC News,Schools in Scotland and Wales are to close from Friday in response to the coronavirus epidemic. Prime Minister Boris Johnson told MPs further decisions on ...,https://www.youtube.com/watch?v=MTFjkYgw5v0,2020-03-18T14:21:41Z,2020,3,18,4.0
70,UC16niRr50-MSBwiO3YDb3RA,BBC News,xqK4NfOOF9A,Coronavirus and ibuprofen: Separating fact from fiction - BBC News,"Stories have been circulating online suggesting it's dangerous to take ibuprofen if you have coronavirus. Alongside genuine medical advice, false messages ...",https://www.youtube.com/watch?v=xqK4NfOOF9A,2020-03-18T11:22:29Z,2020,3,18,5.0
71,UC16niRr50-MSBwiO3YDb3RA,BBC News,xKW7l-u0OKA,Coronavirus hits all 50 US states as death toll rises - BBC News,The deadly coronavirus has now hit all 50 states in the US as West Virginia reported its first case of the infection on Tuesday. Announcing West Virginia's first ...,https://www.youtube.com/watch?v=xKW7l-u0OKA,2020-03-18T08:58:41Z,2020,3,18,6.0
72,UC16niRr50-MSBwiO3YDb3RA,BBC News,zPfDeWJ_cV4,Coronavirus: Prime Minister says we can &#39;turn the tide&#39; on crisis- BBC News,The Prime Minister says he's confident the country can defeat the coronavirus as long as everyone takes seriously the government's restrictions and instructions ...,https://www.youtube.com/watch?v=zPfDeWJ_cV4,2020-03-19T23:25:39Z,2020,3,19,0.0
73,UC16niRr50-MSBwiO3YDb3RA,BBC News,roM5Rz8ki9Y,Coronavirus: Deaths in Italy pass Chinese total- BBC News,The death toll from coronavirus in Italy today passed that for China. After another 427 people died in the past 24 hours Italy's total now exceeds 3400. And the ...,https://www.youtube.com/watch?v=roM5Rz8ki9Y,2020-03-19T22:51:03Z,2020,3,19,1.0
74,UC16niRr50-MSBwiO3YDb3RA,BBC News,WW3eFudbh-A,Boris Johnson: UK can turn the tide in 12 weeks - BBC News,"In Downing Street's latest daily televised press conference he thanked the country for its ""huge efforts"" to comply with the government's advice. Mr Johnson said ...",https://www.youtube.com/watch?v=WW3eFudbh-A,2020-03-19T18:36:10Z,2020,3,19,2.0
75,UC16niRr50-MSBwiO3YDb3RA,BBC News,AHBFafc-g7U,The Queen: UK entering period of great concern - BBC News,The Queen has issued a message to the nation in which she says the UK is “entering a period of great concern and uncertainty”. The monarch adds that “our ...,https://www.youtube.com/watch?v=AHBFafc-g7U,2020-03-19T16:45:56Z,2020,3,19,3.0
76,UC16niRr50-MSBwiO3YDb3RA,BBC News,sn-i152iPcA,Coronavirus: China reports the first day of no new cases - BBC News,"Reports say there are no new domestically transmitted cases in the country for the first time since the virus emerged in late December. Stephen McDonell, BBC ...",https://www.youtube.com/watch?v=sn-i152iPcA,2020-03-19T15:36:34Z,2020,3,19,4.0
77,UC16niRr50-MSBwiO3YDb3RA,BBC News,ArFQdvF8vDE,Coronavirus explained in 60 seconds - BBC News,What actually is the coronavirus? How might it affect you? What can you do to prevent it? The BBC's Laura Foster explains everything you need to know – in just ...,https://www.youtube.com/watch?v=ArFQdvF8vDE,2020-03-19T12:27:10Z,2020,3,19,5.0
78,UC16niRr50-MSBwiO3YDb3RA,BBC News,IP_yuwVErwc,Italy coronavirus deaths rise by record 475 in a day - BBC News,The number of people dying from coronavirus in Italy has risen by 475 in one day to nearly 3000 - the biggest increase since the outbreak. There are a total of ...,https://www.youtube.com/watch?v=IP_yuwVErwc,2020-03-19T10:42:43Z,2020,3,19,6.0
79,UC16niRr50-MSBwiO3YDb3RA,BBC News,ypLd26VL_AU,Coronavirus: Record death tolls in Europe – BBC News,Italy is the hardest hit country in Europe with more than 35000 cases. The death toll has surged again in the last 24 hours by 475 – the biggest increase in a ...,https://www.youtube.com/watch?v=ypLd26VL_AU,2020-03-19T07:58:09Z,2020,3,19,7.0
80,UC16niRr50-MSBwiO3YDb3RA,BBC News,MPONnXFCtCM,Coronavirus: UK restrictions could last a year - BBC News,"The government's scientific advisors have warned that people will need to avoid unnecessary social contact for the best part of a year, alternating between strict ...",https://www.youtube.com/watch?v=MPONnXFCtCM,2020-03-20T23:01:34Z,2020,3,20,0.0
81,UC16niRr50-MSBwiO3YDb3RA,BBC News,CgBU_XWPZBY,Coronavirus: UK pubs and restaurants told to shut to fight virus - BBC News,"The UK government has ordered the immediate closure of almost all the places we go to for leisure such as bars, pubs, restaurants and gyms. The radical move ...",https://www.youtube.com/watch?v=CgBU_XWPZBY,2020-03-20T22:58:38Z,2020,3,20,1.0
82,UC16niRr50-MSBwiO3YDb3RA,BBC News,fjm7MJZpH_o,Coronavirus: How Eyam in Derbyshire &#39;self-isolated&#39; - BBC News,"The coronavirus crisis is particularly poignant for the small Derbyshire village of Eyam. Here, more than three centuries ago, residents infected with the Black ...",https://www.youtube.com/watch?v=fjm7MJZpH_o,2020-03-20T22:55:25Z,2020,3,20,2.0
83,UC16niRr50-MSBwiO3YDb3RA,BBC News,mp0ZgkbJLlM,UK pubs and restaurants told to shut in virus fight - BBC News,"Cafes, pubs and restaurants must close from Friday night, except for take-away food, to tackle coronavirus, UK Prime Minister Boris Johnson has said. All the ...",https://www.youtube.com/watch?v=mp0ZgkbJLlM,2020-03-20T19:05:15Z,2020,3,20,3.0
84,UC16niRr50-MSBwiO3YDb3RA,BBC News,vu4M_G-urqw,US students party on spring break despite coronavirus - BBC News,"Crowds of US university students flocked to Florida for their spring break, defying recommendations from the federal government and Centers for Disease ...",https://www.youtube.com/watch?v=vu4M_G-urqw,2020-03-20T13:42:46Z,2020,3,20,4.0
85,UC16niRr50-MSBwiO3YDb3RA,BBC News,hURUDrx33TU,"Coronavirus: Death toll passes 10,000 - BBC News","Death toll passes 10000, confirmed cases near 250000, more than 80000 recovered Please subscribe HERE http://bit.ly/1rbfUog.",https://www.youtube.com/watch?v=hURUDrx33TU,2020-03-20T12:45:55Z,2020,3,20,5.0
86,UC16niRr50-MSBwiO3YDb3RA,BBC News,DSuwaZEF9ZY,Coronavirus: How bad is the situation in Europe? - BBC News,The number of people dying from coronavirus in Italy has risen by 475 in one day to nearly 3000 - the biggest increase since the outbreak. There are a total of ...,https://www.youtube.com/watch?v=DSuwaZEF9ZY,2020-03-20T09:13:41Z,2020,3,20,6.0
87,UC16niRr50-MSBwiO3YDb3RA,BBC News,gbuA2iujI2A,Coronavirus: Boris Johnson warns NHS in danger of being overwhelmed – BBC News,The UK's Prime Minister has warned the National Health Service (NHS) will be overwhelmed unless the British people act together to slow the spread of ...,https://www.youtube.com/watch?v=gbuA2iujI2A,2020-03-21T23:03:53Z,2020,3,21,0.0
88,UC16niRr50-MSBwiO3YDb3RA,BBC News,beYlKvGOxqI,Coronavirus: The global response to another huge rise in cases – BBC News,"Around the world governments are battling to keep pace with the spread of the coronavirus. In Italy nearly 800 people have died within the last 24 hours, ...",https://www.youtube.com/watch?v=beYlKvGOxqI,2020-03-21T22:39:20Z,2020,3,21,1.0
89,UC16niRr50-MSBwiO3YDb3RA,BBC News,G3v6tDzY7EI,Coronavirus: Almost 800 more dead in Italy - BBC News,Deaths continue to spiral in Italy. Official figures show 793 have died of Covid-19 in the last 24 hours - another daily record. In total 4825 people have now died ...,https://www.youtube.com/watch?v=G3v6tDzY7EI,2020-03-21T18:27:28Z,2020,3,21,2.0
90,UC16niRr50-MSBwiO3YDb3RA,BBC News,p7SNkfzEeKM,Coronavirus: UK Shoppers told to buy responsibly - BBC News,"Shoppers in the UK have been told to ""be responsible"" and think of others such as NHS workers, after panic-buying amid the coronavirus outbreak. Environment ...",https://www.youtube.com/watch?v=p7SNkfzEeKM,2020-03-21T15:07:04Z,2020,3,21,3.0
91,UC16niRr50-MSBwiO3YDb3RA,BBC News,VgPZtTeEG5k,Coronavirus: Inside an Italian ICU - BBC News,"Overwhelmed by coronavirus cases, one hospital is putting some new arrivals in tents. Please subscribe HERE http://bit.ly/1rbfUog.",https://www.youtube.com/watch?v=VgPZtTeEG5k,2020-03-21T11:15:38Z,2020,3,21,4.0
92,UC16niRr50-MSBwiO3YDb3RA,BBC News,A2kiXc5XEdU,How do I know if I have coronavirus? - BBC News,"People who are showing particular symptoms are being told to self-isolate in order to stop the coronavirus from spreading further. In the UK, if you have a fever ...",https://www.youtube.com/watch?v=A2kiXc5XEdU,2020-03-21T10:10:19Z,2020,3,21,5.0
93,UC16niRr50-MSBwiO3YDb3RA,BBC News,NIH1CwmswLY,"Coronavirus: Take social distancing advice seriously, Boris Johnson tells UK - BBC News","Boris Johnson has told people to take seriously the social distancing advice to stop the spread of coronavirus, saying it is ""absolutely crucial"". The PM thanked ...",https://www.youtube.com/watch?v=NIH1CwmswLY,2020-03-22T20:49:36Z,2020,3,22,0.0
94,UC16niRr50-MSBwiO3YDb3RA,BBC News,ejzQApmABdM,Coronavirus: People in Beijing begin to head outdoors - BBC News,"After several days with no ""home-grown"" infections, according to China's official figures, there is a feeling there that the coronavirus emergency appears to be ...",https://www.youtube.com/watch?v=ejzQApmABdM,2020-03-22T10:08:38Z,2020,3,22,1.0
95,UC16niRr50-MSBwiO3YDb3RA,BBC News,qNkjJHliMZo,Coronavirus: Do face masks work? - BBC News,Please note: This video was produced on 13 March 2020 and based on the advice available from the World Health Organization and other health groups at the ...,https://www.youtube.com/watch?v=qNkjJHliMZo,2020-03-22T09:43:49Z,2020,3,22,2.0
96,UC16niRr50-MSBwiO3YDb3RA,BBC News,9gb6KJYFJiw,Coronavirus: &#39;You must stay at home&#39; UK public told - BBC News,Strict new curbs on life in the UK to tackle the spread of coronavirus have been announced by the British Prime Minister. People must now stay at home except ...,https://www.youtube.com/watch?v=9gb6KJYFJiw,2020-03-23T23:01:39Z,2020,3,23,0.0
97,UC16niRr50-MSBwiO3YDb3RA,BBC News,HlEFrbLeDks,Coronavirus: PM announcing strict new curbs on life in UK - BBC News,The prime minister is announcing strict new curbs on life in the UK to tackle the spread of coronavirus. From this evening people must stay at home except for ...,https://www.youtube.com/watch?v=HlEFrbLeDks,2020-03-23T20:48:03Z,2020,3,23,1.0
98,UC16niRr50-MSBwiO3YDb3RA,BBC News,2F3KHb_1bkw,Coronavirus: More myths to ignore - BBC News,Holding your breath and drinking cow urine? Reality Check's Chris Morris busts more health myths about Covid-19 being shared online. Please subscribe ...,https://www.youtube.com/watch?v=2F3KHb_1bkw,2020-03-23T16:53:11Z,2020,3,23,2.0
99,UC16niRr50-MSBwiO3YDb3RA,BBC News,L1DqkGQ-aXw,Coronavirus: India observes 14-hour curfew - BBC News,More than a billion people in India have been asked to stay indoors for 14-hours to try to combat the coronavirus pandemic. When he announced the curfew last ...,https://www.youtube.com/watch?v=L1DqkGQ-aXw,2020-03-23T12:16:12Z,2020,3,23,3.0
100,UC16niRr50-MSBwiO3YDb3RA,BBC News,wXsV5XiBIxY,Coronavirus: Pressure grows on Japan and IOC to cancel Olympics - BBC News,"Canada and Australia say they will not send teams to the 2020 Olympic and Paralympic Games Earlier, Japanese PM Shinzo Abe said an Olympic ...",https://www.youtube.com/watch?v=wXsV5XiBIxY,2020-03-23T11:34:07Z,2020,3,23,4.0
101,UC16niRr50-MSBwiO3YDb3RA,BBC News,EJDYz2Cd9dE,Coronavirus: sharp rise in UK death toll as hospitals prepare for a surge in cases - BBC News,"The day after the UK government announced strict new measures to limit the spread of coronavirus, three young doctors working in the accident & emergency ...",https://www.youtube.com/watch?v=EJDYz2Cd9dE,2020-03-24T22:36:33Z,2020,3,24,0.0
102,UC16niRr50-MSBwiO3YDb3RA,BBC News,2z43pyFpCu8,Coronavirus: Italy virus deaths rise but infections slow again  - BBC News,"Italy is currently the worst-affected nation, with 6820 now reported dead from coronavirus, according to the latest figures. But the rate of infection has seemingly ...",https://www.youtube.com/watch?v=2z43pyFpCu8,2020-03-24T19:26:26Z,2020,3,24,1.0
103,UC16niRr50-MSBwiO3YDb3RA,BBC News,igfsf096n3M,Coronavirus: UK to open temporary hospital with military help - BBC News,"A new hospital is to be established in the ExCeL centre, an exhibition centre in east London, Mr Hancock says. The new NHS Nightingale Hospital will consist of ...",https://www.youtube.com/watch?v=igfsf096n3M,2020-03-24T17:40:19Z,2020,3,24,2.0
104,UC16niRr50-MSBwiO3YDb3RA,BBC News,d36-St2T9iE,Coronavirus: Death toll in the UK reaches 422 - BBC News,"In the UK, as of 9am on 24 March, a total of 90436 have been tested: 82359 negative. 8077 positive. As of 1pm, 422 patients who tested positive for coronavirus ...",https://www.youtube.com/watch?v=d36-St2T9iE,2020-03-24T16:11:18Z,2020,3,24,3.0
105,UC16niRr50-MSBwiO3YDb3RA,BBC News,jahWvhijnec,Japan asks for Olympics postponement - BBC News,Japan's Prime Minister Shinzo Abe has asked for the 2020 Tokyo Olympics to be postponed by a year because of the coronavirus pandemic. Abe said he has ...,https://www.youtube.com/watch?v=jahWvhijnec,2020-03-24T12:37:23Z,2020,3,24,4.0
106,UC16niRr50-MSBwiO3YDb3RA,BBC News,MWhVSqWuKR8,Coronavirus: Spain sees record 514 deaths in one day - BBC News,It's another dark day for Spain with a total of 39763 cases of coronavirus confirmed across the country. Another 6582 infections have been announced in the past ...,https://www.youtube.com/watch?v=MWhVSqWuKR8,2020-03-24T12:23:48Z,2020,3,24,5.0
107,UC16niRr50-MSBwiO3YDb3RA,BBC News,bYQjssb7xdk,Coronavirus: What is social distancing? - BBC News,Governments around the world are advising people to socially distance themselves in order to reduce pressures on health services and stop the spread of ...,https://www.youtube.com/watch?v=bYQjssb7xdk,2020-03-24T09:44:17Z,2020,3,24,6.0
108,UC16niRr50-MSBwiO3YDb3RA,BBC News,hNSIsdiGPzw,Coronavirus: Strains on the benefits system &amp; international virus response - BBC News,Coronavirus reports from the BBC News at Ten. Please subscribe HERE http://bit.ly/1rbfUog.,https://www.youtube.com/watch?v=hNSIsdiGPzw,2020-03-25T23:22:41Z,2020,3,25,0.0
109,UC16niRr50-MSBwiO3YDb3RA,BBC News,dKbf9l-pycc,Coronavirus: Calls for personal protection equipment for frontline medical staff - BBC News,Frontline medics have told the BBC about their concerns over a lack of personal protection as they fight coronavirus in the UK. The British Medical Association ...,https://www.youtube.com/watch?v=dKbf9l-pycc,2020-03-25T22:52:14Z,2020,3,25,1.0
110,UC16niRr50-MSBwiO3YDb3RA,BBC News,O2QvxdbaMP8,Coronavirus: Thousands volunteer to help NHS with vulnerable - BBC News,"Some 405000 people have signed up in 24 hours to volunteer with the NHS after a recruitment drive to help the vulnerable amid the coronavirus crisis, the PM ...",https://www.youtube.com/watch?v=O2QvxdbaMP8,2020-03-25T18:20:54Z,2020,3,25,2.0
111,UC16niRr50-MSBwiO3YDb3RA,BBC News,ZBXSC30pmQY,Coronavirus: Spain’s death toll surpasses China’s - BBC News,"Spain's death toll from the coronavirus has surpassed the official figure from China, becoming the second highest in the world. Deaths have risen by 738 in just ...",https://www.youtube.com/watch?v=ZBXSC30pmQY,2020-03-25T14:35:30Z,2020,3,25,3.0
112,UC16niRr50-MSBwiO3YDb3RA,BBC News,SoC-EMmh8Yk,Queen still &#39;in good health&#39; - BBC News,"BBC royal correspondent Nicholas Witchell says the prince and his wife flew to Scotland on Sunday, although they did not travel on a scheduled flight. He adds ...",https://www.youtube.com/watch?v=SoC-EMmh8Yk,2020-03-25T11:32:26Z,2020,3,25,4.0
113,UC16niRr50-MSBwiO3YDb3RA,BBC News,0XPQlUXosaA,Coronavirus: Prince Charles tests positive but &#39;remains in good health&#39; - BBC News,"The Prince of Wales has tested positive for coronavirus, Clarence House has confirmed. Prince Charles, 71, is displaying mild symptoms ""but otherwise remains ...",https://www.youtube.com/watch?v=0XPQlUXosaA,2020-03-25T11:04:02Z,2020,3,25,5.0
114,UC16niRr50-MSBwiO3YDb3RA,BBC News,GUWKL3Fu9WA,"Global coronavirus cases surpassed 400,000  - BBC News","Global coronavirus cases surpassed 400000, according to data collated by Johns Hopkins University. Almost 17000 people have now died, while more than ...",https://www.youtube.com/watch?v=GUWKL3Fu9WA,2020-03-25T10:10:44Z,2020,3,25,6.0
115,UC16niRr50-MSBwiO3YDb3RA,BBC News,LcvmtZTZi6c,Coronavirus: UK government unveils aid for self-employed - BBC News,"Self-employed workers will be able to apply for a grant of up to £2500 a month to help them cope with the financial impact of coronavirus, the chancellor has ...",https://www.youtube.com/watch?v=LcvmtZTZi6c,2020-03-26T18:44:12Z,2020,3,26,0.0
116,UC16niRr50-MSBwiO3YDb3RA,BBC News,VrDVU9l5XhM,Viral dad on the trials of working from home - BBC News,Families across the world are having to spend more time at home to try to contain the spread of coronavirus. The BBC spoke to Professor Robert Kelly and his ...,https://www.youtube.com/watch?v=VrDVU9l5XhM,2020-03-26T13:41:37Z,2020,3,26,1.0
117,UC16niRr50-MSBwiO3YDb3RA,BBC News,UIJ6Gefld_A,Coronavirus: A quarter of the world’s population in lockdown - BBC News,Prime Minister Narendra Modi has told India's population of 1.3 billion people to stay at home. The lockdown is currently planned for 3 weeks. More than 2.6 ...,https://www.youtube.com/watch?v=UIJ6Gefld_A,2020-03-26T11:52:06Z,2020,3,26,2.0
118,UC16niRr50-MSBwiO3YDb3RA,BBC News,O8M7QAl1sFA,Coronavirus delays Russian vote on Putin staying in power - BBC News,"Russian President Vladimir Putin has postponed a vote on constitutional change that would allow him to stay in power, because of coronavirus concerns.",https://www.youtube.com/watch?v=O8M7QAl1sFA,2020-03-26T11:40:54Z,2020,3,26,3.0
119,UC16niRr50-MSBwiO3YDb3RA,BBC News,pXopk-mrLH8,How staying at home can stop coronavirus - BBC News,Governments around the world are encouraging people to stay at home to protect health services and save lives. Among the new measures being brought in the ...,https://www.youtube.com/watch?v=pXopk-mrLH8,2020-03-26T11:33:53Z,2020,3,26,4.0
120,UC16niRr50-MSBwiO3YDb3RA,BBC News,Yoz3GNGiY40,Coronavirus deaths rising fast in Europe and US - BBC News,"Coronavirus is claiming more lives across Europe and in the United States. Italy is seeing the fastest rise in deaths since the beginning of the outbreak, almost ...",https://www.youtube.com/watch?v=Yoz3GNGiY40,2020-03-27T23:32:53Z,2020,3,27,0.0
121,UC16niRr50-MSBwiO3YDb3RA,BBC News,uf68L2aQJnU,Boris Johnson tests positive for Coronavirus as numbers infected rise - BBC News,There's been a big rise in the number of people in the UK who have died of coronavirus - 181 lost their lives in the past 24 hours and more than 6000 are being ...,https://www.youtube.com/watch?v=uf68L2aQJnU,2020-03-27T23:06:34Z,2020,3,27,1.0
122,UC16niRr50-MSBwiO3YDb3RA,BBC News,W58TDx-zAIY,"33,000 new UK hospital beds for coronavirus patients  - BBC News","Mr Gove says that the best analysis shows the rate of infection in the UK has been doubling every three to four days. ""These figures are a powerful reminder of ...",https://www.youtube.com/watch?v=W58TDx-zAIY,2020-03-27T18:26:48Z,2020,3,27,2.0
123,UC16niRr50-MSBwiO3YDb3RA,BBC News,IOBqpBWTl38,UK coronavirus deaths rise to 759 - BBC News,"The number of coronavirus deaths in the UK has risen from 578 to 759, according to the Department of Health. This is the biggest rise in deaths that the country ...",https://www.youtube.com/watch?v=IOBqpBWTl38,2020-03-27T14:33:52Z,2020,3,27,3.0
124,UC16niRr50-MSBwiO3YDb3RA,BBC News,vteEJXNV5Xw,Coronavirus: UK Health Secretary Hancock also tests positive - BBC News,UK Health Secretary Matt Hancock has tested positive for the coronavirus. He is self-isolating at home and his symptoms are said to be mild. Please subscribe ...,https://www.youtube.com/watch?v=vteEJXNV5Xw,2020-03-27T13:27:21Z,2020,3,27,4.0
125,UC16niRr50-MSBwiO3YDb3RA,BBC News,sdjkgaOV6R0,coronavirus: Half a million people have now contracted the virus globally - BBC News,"Half a million people have now contracted coronavirus globally Confirmed cases in the US overtake China's and Italy's UK deaths reach 578, a rise of more than ...",https://www.youtube.com/watch?v=sdjkgaOV6R0,2020-03-27T12:59:09Z,2020,3,27,5.0
126,UC16niRr50-MSBwiO3YDb3RA,BBC News,xQb-btsNYnU,Coronavirus: US overtakes China with most cases - BBC News,"The US now has more confirmed cases of coronavirus than any other country, with more than 85500 positive tests. According to the latest figures collated by ...",https://www.youtube.com/watch?v=xQb-btsNYnU,2020-03-27T12:29:42Z,2020,3,27,6.0
127,UC16niRr50-MSBwiO3YDb3RA,BBC News,OEcfKnVaJlg,UK Prime Minister Boris Johnson to &#39;lead the national fightback&#39; from home - BBC News,"In a tweet, Mr Johnson said: ""Over the last 24 hours I have developed mild symptoms and tested positive for coronavirus. I am now self-isolating, but I will ...",https://www.youtube.com/watch?v=OEcfKnVaJlg,2020-03-27T11:49:30Z,2020,3,27,7.0
128,UC16niRr50-MSBwiO3YDb3RA,BBC News,fSH2Ze3OGbY,PM Boris Johnson tests positive for coronavirus - BBC News,"Prime Minister Boris Johnson has tested positive for coronavirus, Downing Street has said. Mr Johnson has mild symptoms and will self-isolate in Downing ...",https://www.youtube.com/watch?v=fSH2Ze3OGbY,2020-03-27T11:39:52Z,2020,3,27,8.0
129,UC16niRr50-MSBwiO3YDb3RA,BBC News,r3qnfuimsyk,"Coronavirus UK deaths rise to more than 1,000 in biggest daily increase - BBC News",The number of deaths in the UK from coronavirus has reached 1019 after the biggest daily increase so far. The government has announced more measures to ...,https://www.youtube.com/watch?v=r3qnfuimsyk,2020-03-28T23:05:58Z,2020,3,28,0.0
130,UC16niRr50-MSBwiO3YDb3RA,BBC News,-TzIlX2BRBc,"&quot;UK will do well to keep deaths under 20,000&quot; - health official - BBC News","NHS England medical director Prof Stephen Powis says if the death toll in the UK is kept below 20000, ""we will have done very well"". It was ""possible to get on ...",https://www.youtube.com/watch?v=-TzIlX2BRBc,2020-03-28T17:00:20Z,2020,3,28,1.0
131,UC16niRr50-MSBwiO3YDb3RA,BBC News,K-51rP9drwU,Locked down India struggles as workers flee cities - BBC News,Millions of homeless people and migrant labourers have been left in the lurch after India announced a 21-day lockdown in a bid to contain the spread of ...,https://www.youtube.com/watch?v=K-51rP9drwU,2020-03-28T14:34:10Z,2020,3,28,2.0
132,UC16niRr50-MSBwiO3YDb3RA,BBC News,CAaXJpxvsxg,Deserted London landmarks seen from above - BBC News,Some of London's most popular landmarks are devoid of the usual crowds as people stay indoors to help combat coronavirus. Please subscribe HERE ...,https://www.youtube.com/watch?v=CAaXJpxvsxg,2020-03-28T14:27:19Z,2020,3,28,3.0
133,UC16niRr50-MSBwiO3YDb3RA,BBC News,6xP_4ofKrMs,"Coronavirus: UK deaths climb above 1,000 - BBC News","A total of 1019 patients have died after testing positive for coronavirus in the UK as of 5pm on Friday, the Department of Health has said, up from 759 the day ...",https://www.youtube.com/watch?v=6xP_4ofKrMs,2020-03-28T14:18:13Z,2020,3,28,4.0
134,UC16niRr50-MSBwiO3YDb3RA,BBC News,DfFyBT5tpqw,Coronavirus warning: up to 6 months before UK returns to normal - BBC News,The government's senior medical advisers are warning that it could take six months before stringent coronavirus restrictions are lifted. The Prime Minister Boris ...,https://www.youtube.com/watch?v=DfFyBT5tpqw,2020-03-29T23:12:33Z,2020,3,29,0.0
135,UC16niRr50-MSBwiO3YDb3RA,BBC News,0Yo1v6UMac8,Coronavirus: Up to 6 months before life &#39;returns to normal&#39; says government - BBC News,"It could be up to six months before life in the UK returns to ""normal"", England's deputy chief medical officer has said. Speaking at the government's daily ...",https://www.youtube.com/watch?v=0Yo1v6UMac8,2020-03-29T18:35:51Z,2020,3,29,1.0
136,UC16niRr50-MSBwiO3YDb3RA,BBC News,9xemFKlw1Tg,"Coronavirus: Italy deaths climb above 10,000 - BBC News",Italy recorded 756 new deaths in the past 24 hours - bringing the total to 10779. Please subscribe HERE http://bit.ly/1rbfUog Italy recorded a further 756 new ...,https://www.youtube.com/watch?v=9xemFKlw1Tg,2020-03-29T16:33:46Z,2020,3,29,2.0
137,UC16niRr50-MSBwiO3YDb3RA,BBC News,wdrlWpihxeg,Raving to the BBC News theme tune - BBC News,"Have you seen the kitchen 'remix' of the BBC News theme tune yet? We got together its creator, Rachel Leary, whose video has been viewed millions of times ...",https://www.youtube.com/watch?v=wdrlWpihxeg,2020-03-29T12:36:06Z,2020,3,29,3.0
138,UC16niRr50-MSBwiO3YDb3RA,BBC News,wPM58DQH0gQ,Coronavirus social distancing advice: What two metres looks like - BBC News,"The UK government is advising people stay home and only go out if they need to fetch food or medicine, to go to work if it's essential or to exercise. Even when ...",https://www.youtube.com/watch?v=wPM58DQH0gQ,2020-03-29T11:46:55Z,2020,3,29,4.0
139,UC16niRr50-MSBwiO3YDb3RA,BBC News,FiKv_LiFkmw,Rescue plan for thousands of Britons stranded abroad due to coronavirus - BBC News,Tens of thousands of British citizens are stranded around the world due to the coronavirus pandemic with countries closing borders. The Foreign Secretary ...,https://www.youtube.com/watch?v=FiKv_LiFkmw,2020-03-30T22:41:32Z,2020,3,30,0.0
140,UC16niRr50-MSBwiO3YDb3RA,BBC News,dsdYGWQCfhs,"Coronavirus crisis &quot;to worsen&quot; with 9,000 people now in hospital in England - BBC News",There are now 9000 patients with coronavirus in hospitals across England. A quarter of doctors are ill or self isolating. The new Nightingale Hospital in east ...,https://www.youtube.com/watch?v=dsdYGWQCfhs,2020-03-30T22:19:32Z,2020,3,30,1.0
141,UC16niRr50-MSBwiO3YDb3RA,BBC News,vDYRXx32Dt0,Coronavirus: £75m for Rescue flights to get stranded Britons home - BBC News,Tens of thousands of Britons stranded abroad by the coronavirus pandemic will be flown home under a new arrangement between the government and airlines.,https://www.youtube.com/watch?v=vDYRXx32Dt0,2020-03-30T17:24:53Z,2020,3,30,2.0
142,UC16niRr50-MSBwiO3YDb3RA,BBC News,vuoNLu_1AQw,Coronavirus: Spain reports more than 800 new deaths  - BBC News,Spain has reported 812 new deaths related to coronavirus in the past 24 hours. Authorities say 6398 more people have been infected. The growth in coronavirus ...,https://www.youtube.com/watch?v=vuoNLu_1AQw,2020-03-30T14:59:10Z,2020,3,30,3.0
143,UC16niRr50-MSBwiO3YDb3RA,BBC News,j5Q1VO2fd7c,From Spiderman artist to drawing teacher - BBC News,Irish artist Will Sliney is keeping thousands of kids entertained during the coronavirus outbreak with daily drawing challenges. He set up a #wewilldraw ...,https://www.youtube.com/watch?v=j5Q1VO2fd7c,2020-03-30T14:32:16Z,2020,3,30,4.0
144,UC16niRr50-MSBwiO3YDb3RA,BBC News,G0DQSJ1W6Io,Coronavirus: 159 more deaths in England - BBC News,"The number of people who have died in England after contracting coronavirus is now 1284, a rise of 159, NHS England said. Those who died were aged ...",https://www.youtube.com/watch?v=G0DQSJ1W6Io,2020-03-30T14:27:23Z,2020,3,30,5.0
145,UC16niRr50-MSBwiO3YDb3RA,BBC News,dYrtFWYbW0g,Coronavirus: Spain extended the state of emergency until at least 12 April - BBC News,"The number of coronavirus deaths in Spain have reached well over 6000 as the country struggles to cope with the crisis. Globally, there have been more than ...",https://www.youtube.com/watch?v=dYrtFWYbW0g,2020-03-30T08:57:42Z,2020,3,30,6.0
146,UC16niRr50-MSBwiO3YDb3RA,BBC News,sL7jqKA1I8Y,BBC&#39;s George Alagiah on living with coronavirus and cancer - BBC News,"BBC newsreader George Alagiah, who is being treated for bowel cancer, has revealed he has had a mild case of coronavirus. ""In some ways, I think that those of ...",https://www.youtube.com/watch?v=sL7jqKA1I8Y,2020-03-31T22:18:53Z,2020,3,31,0.0
147,UC16niRr50-MSBwiO3YDb3RA,BBC News,uc9ZpDIikAE,Coronavirus: fears that Putin has been exposed to infection - BBC News,President Putin may have been exposed to the Coronavirus after he met a leading doctor who has since tested positive. Russia has passed tough new laws ...,https://www.youtube.com/watch?v=uc9ZpDIikAE,2020-03-31T21:57:39Z,2020,3,31,1.0
148,UC16niRr50-MSBwiO3YDb3RA,BBC News,3TRjEU7HyWc,Coronavirus: 13 year old boy dies as government admits it must do more testing - BBC News,A 13 year boy has died in London from the coronavirus - Britain's youngest victim so far. It came as the government admitted it must speed up its testing ...,https://www.youtube.com/watch?v=3TRjEU7HyWc,2020-03-31T21:44:27Z,2020,3,31,2.0
149,UC16niRr50-MSBwiO3YDb3RA,BBC News,oJLckPuO7us,Gove: No fixed date for peak of epidemic - BBC News,"Cabinet minister Michael Gove is asked when the peak of the epidemic will come and why Germany has done more tests than the UK, Mr Gove says the rise in ...",https://www.youtube.com/watch?v=oJLckPuO7us,2020-03-31T17:27:11Z,2020,3,31,3.0
150,UC16niRr50-MSBwiO3YDb3RA,BBC News,DZZwZ5KEiI4,Europe&#39;s borders and coronavirus - BBC News,The BBC's Gavin Lee took a road trip in the Schengen area to see how much the virus has impacted freedom of movement on the continent. Please subscribe ...,https://www.youtube.com/watch?v=DZZwZ5KEiI4,2020-03-31T14:16:13Z,2020,3,31,4.0
151,UC16niRr50-MSBwiO3YDb3RA,BBC News,JjO5jewQUZk,"US death rates v UK, Italy and South Korea - BBC News",The US has seen its cases spike dramatically in recent days and these graphs show what could be in store. Please subscribe HERE http://bit.ly/1rbfUog.,https://www.youtube.com/watch?v=JjO5jewQUZk,2020-03-31T13:55:41Z,2020,3,31,5.0
152,UC16niRr50-MSBwiO3YDb3RA,BBC News,gqvlK-QrbkQ,Coronavirus: Are refugee and migrant camps prepared? - BBC News,"Lack of access to sanitation and water facilities in refugee and migrant camps poses a challenge for residents trying to avoid coronavirus. In Moira in Lesbos, ...",https://www.youtube.com/watch?v=gqvlK-QrbkQ,2020-03-31T12:52:46Z,2020,3,31,6.0
153,UC16niRr50-MSBwiO3YDb3RA,BBC News,5qFRpVnFqZM,Coronavirus: Moscow goes into lockdown - BBC News,"In Russia, a full lockdown has been imposed in many regions of the country, as the numbers of confirmed infections continue to rise. The measures taken by the ...",https://www.youtube.com/watch?v=5qFRpVnFqZM,2020-03-31T09:58:30Z,2020,3,31,7.0
154,UC16niRr50-MSBwiO3YDb3RA,BBC News,85yDRic52tI,Coronavirus: Trump extends US guidelines beyond Easter - BBC News,President Donald Trump has said federal coronavirus guidelines such as social distancing will be extended across the US until at least 30 April. He had ...,https://www.youtube.com/watch?v=85yDRic52tI,2020-03-31T08:06:11Z,2020,3,31,8.0
